sku,style,color,size,brand,deptdesc
3,"00    F55KT2",WHISPERWHITE,P8EA,TURNBURY,"st john"
4,"22    615CZ4",SPEARMI,S,"C A SPOR",echo
5,"7LBS  245-01","34 SILVER",KING,"BEAU IDE","sigrid o"
8,"622   F05H84","MORNING MI",2T,HARTSTRI,citizens
15,"126   MDU461",255CAMEL,12,JONES/LA,bep
20,"      669N26","NEWPORT NA",090N,"BROWN SH",invest
23,"18    TZMU01","ICED BERRY",S,"EMMA JAM",carole
24,"8A    9H8145","428MEDIUM ST",2,AMERICAN,citizens
39,"56    CIMU03",PRALINE,"16   ND","SIGRID O","karen k"
45,"34    TZMU00",BARK/SEASP,10,"EMMA JAM",carole
47,"37-30 445241",GREEN,6X,"KIDS HEA",citizens
49,"01    KYRIE0","BLACK LE",P286,"ENZO ANG",brioso
50,BE-AARK6691-,BLACK,5,LOLLYTOG,cartier
54,"74    F4483H",HEATHER/MI,SMALL,"FU DA IN",echo
55,ATO550NWSALV,"DPUR/DPU F",090M,"NINE WES",brioso
58,ILY260NWRAND,"MED NATU L",075M,,brioso
65,"15-01 444542",ASSORTED,5,"KIDS HEA",cartier
68,"56    TZMU00",PEACOCK,4,"EMMA JAM",carole
69,"      WINDY","RED CALF",070M,"ME TOO",brioso
73,"3     F11G28",WHITE,HAND,NOBILITY,nob
77,"54    BL5462",DKWSHWHT,"12 MONTHS","RALPH LA","r lauren"
78,70091L440400,BROWN,10,"M.M. & R","karen k"
89,"96N   K9456-",KHAKI,L,"LA BELLE",esprit
91,"      H31246",CORAL,S,"GABAR IN",catalin
93,ESE240ESMALT,"COGN/COG L",075W,"THE UNIT",invest
97,"45    A669Z6",PERRIWINKL,XL,"SAN FRAN",cambio
101,"86    E15122",270IVORY,SML,"E.W.L. S",cambio
105,"7     HA8036",310ALGAE,5,FLAPDOOD,cartier
106,"-2    VB8428",CRM/GRN,ONE,"OLD SCHO","ellen t"
107,"NCK8  REDCRY","RED CRYSTAL",ONE,"MICA JEW",environ
123,"L     216061",CHOCLT/BLK,14,"DANNY &",lacoste
124,"001   311920",BLACK/PINK,020M,"NIKE INC",reebok
126,"42    801-12",CAVIAR,2,"DUTCH LL","matty m"
127,"703L  35K2G7","EARTH VELV",S,"CALVIN K","karen k"
131,"      C53935",OCEAN,M,MANHATTA,catalin
133,"92    Y53V90",BLK-BLACK,32,"GUESS AL",cop
139,"3     154372",BLACK/MULT,8,"SUSAN BR","karen k"
143,"19P   D45PY7",NAVY/GRN,M,"C A SPOR",bep
148,"4     HB8037","030HEATHER G",4T/4,FLAPDOOD,cartier
149,"85    801-40",CAVIAR,XS,"DUTCH LL","matty m"
155,"1     F34D12",CAMEL,ALL,BECHAMEL,p&y
156,"E16   F4088B",PINK/WHITE,L,"FU DA IN",echo
158,"X5137 047Y32","BLK -BLACK",28,"GUESS AL",cop
164,"4     H28688",ROSE,ALL,HASKELL,1928
172,"OL    A1484W","ORIENTAL B",M,"MOA MOA",colehaan
177,"XR    C4M139",RASPBERRY,XL,PERISCOP,bep
180,"42    BE0200",WYEL,"9 MONTHS","RALPH LA","r lauren"
189,"      UM2060",COFFEE,0,"TRUE MEA","matty m"
190,"970   7-I753",MAUV,20,JESSICA,lacoste
191,"40    54DZ31","505DARK PURP",L,WRAPPER/,esprit
197,"XS    C1M171",BLACK,8,PERISCOP,echo
200,"      LAVINA","WHITE KID",070M,"UNISA AM",invest
210,"9ALDN 797442",FUCHSIA/FO,160,"POLO FAS",polomen
216,"      AT449",WINTER,M,"KORET OF",echo
228,"69P   DF5VEJ",DILL,M,"C A SPOR",bep
235,"17    3-2637",BLK,20,POSITIVE,lacoste
236,"37    S4593H",CHARC/CELERY,XL,"FU DA IN",bep
240,"      019L22","WINE MICRO",110M,"BROWN SH",invest
241,"08    522605",CARAMEL,4,NORTHERN,echo
255,"05    3423CL",BROWN,L,XOXO,esprit
258,"9A    797493","BANANA BEA",XXL,"POLO FAS",polomen
259,"-TOP  61663P","NO COLOR",ALL,"CAROL DA",1928
260,"07    EYRU12",ORANGE,"XXL  ND","LIZ CLAI","no fear"
261,"25    EYRU15","HTR GREY","3XL  ND","LIZ CLAI","no fear"
262,"9G    SK5205",PINK,L,"JOLIE IN",carters
264,"40520 123605",ESPRESSO,090N,"L.C. FOO",invest
266,"XS    FN17T1",AZURE,S,PERISCOP,echo
268,120198311332,BROWN,14,"JERELL /",echo
279,"      D2221",619SCARLET,M,"CALVIN K",cabern
303,ORD001ESLINF,"BLACK LE",PE87,"THE UNIT",invest
304,59S020M53009,"BURNT ORAN",L,TRENDS/G,esprit
308,"1BR   580599","CLSC WASH",36,"POLO FAS",polomen
319,"00B   F35WR5",OBSIDIAN,2X,ROUNDTRE,lisli
322,"O001  MAGNET","BLACK LE",P076,"ENZO ANG",brioso
326,"0     81LU05",DFE,32,"LUCKY BR",cop
327,"3     327H30",COPPER,ALL,"MAIN ING",mai
328,"      Z834","979TAUPE M",16,"TRAVIS A",leslie
330,"      CO7015",ATH,M,"REAL AME",environ
342,"      397410",BLACK,ALL,"ECHO DES",p&y
343,"R268  L-CEDA","CAF ANT CP",090M,"FRANCO S",brioso
348,"04-61 444221",ASSORTED,5,"KIDS HEA",citizens
349,011771136TEX,"TX ORANGE",L,"NEXT MAR","ellen t"
360,"3     16106Q","ROYAL BLUE",14,VITTADIN,catalin
367,"9AME  096278",BLUE/NAVY,1654,"POLO FAS",polomen
368,"01    CHADE0",BLACK,075M,"UNISA AM",invest
372,"      157001","DEEP FRENC",L,DANA-CO.,cabern
387,"      74017",BROWN,110M,TIMBERLA,sperry
391,"30    EJMU49","N RDSE/ONX",M,"EMMA JAM",carole
397,"8     047338","ANDOVER HE",M,"POLO FAS",polomen
398,"      939053",ROYAL,16,"K STUDIO",lacoste
399,"19    EYRU13",DIABLO,"XL   ND","LIZ CLAI","no fear"
403,40996LBGKC00,BLACK,L,"CWF USA,",dkny
406,"4Z    N78179",BLACK,M,"BB CO, I",colehaan
408,"001   145133",BLACK,085M,"LIZ CLAI",invest
410,"1ALD  096303",BLUE/WHITE,1757,"POLO FAS",polomen
417,"91    MWRU67","CHARCL HTR","34   29","LIZ CLAI","liz cla"
418,"      306L44","NAVY FABRI",085M,"BROWN SH",invest
422,"09    5280M7",013BLACK/WHI,14,TAHARI/A,leslie
423,"      R524",VANILLA,38D,DIM,cab
425,"      0771",00-S'03,"NO SIZE",LANCOME,celebrt
426,"      0768",02-VIOLET,"NO SIZE",LANCOME,celebrt
427,"15    MERU32",BLACK,"L    ND","LIZ CLAI","liz cla"
433,"      818L06","BLK MATTY/",2401,"BROWN SH",invest
434,7X0058SALV21,TAN,44L,PEERLESS,austin
436,"      U6459",001BLACK,1,,frederi
438,-ML711GALICA,"GOLD METAL",18-131,"NINA FOO",brioso
447,"30    L-KIN3",OCEAN/NAVY,080N,"FRANCO S",brioso
450,"TURQ  15140-",TURQUOISE,6,INTERNAT,cabern
457,"7AHH  483106","AVT NAVY","38 30","POLO FAS",polomen
464,"      T2011",BRE,S,TELLURID,environ
466,"10    F55KR5",TRUEBURGUNDY,XL,ROUNDTRE,"st john"
469,"5AVA  793175",CHR/BLUE,XXL,"POLO FAS",polomen
470,"1CEV  793191",RED/BLACK,M,"POLO FAS",polomen
474,"30T   F55WM0",WHISPERWHITE,LT,MURANO,lisli
497,"5     4055F5",001BLACK,1,"BYER CAL",esprit
498,"5     BH8626",401INDIGO,6,AMERICAN,citizens
516,"      478585",LILAC,5,"ICM L.L.",carters
526,"47EK  H05358",498INKWELL,L,"DAX CORP","no fear"
527,"IANT  363MSG",EGGPLANT,XL,"WILD WES",environ
530,"      20654",SILVER,ALL,VICTORIA,1928
537,"      HC9320","L GREY",L,"I.C. ISA","no fear"
538,"      10822",NAT/DENIM,BATH,"DONISA I",nob
542,"      875",BLK/WHITE,N/A,"TWO BAR",environ
545,"RS4   XT0413","MEDIUM SAN",5,"ALPHA GA",citizens
546,"72    C62002","CHAMOIS TU",A4,"M I A",reebok
547,"1     BT1497","DARK TAUPE",090M,FOOTWEAR,invest
556,"      AL875G","GAS STATION",7,APPAREL,esprit
561,"UK    36044J",CHOCO,XL,"MOA MOA",colehaan
575,"28    EJLU82","AFRCN VLT",1X,"EMMA JAM",be2
579,"1FK   012863","GENTS HEAT",M,"POLO FAS",polomen
581,"46T   F55KR9","BLACK CHERRY",2XT,ROUNDTRE,lisli
582,"1     761NA7","OXFORD BRO",095N,"BROWN SH",invest
587,"      50782",RED,34C,CABERNET,cab
591,"0     81LUA4",FZD,29,"LUCKY BR",cop
602,"4PO   HR9123",BLACK,ALL,KENNETH,bch
603,"92    EJPU80",DLPBL/CLNY,10,"EMMA JAM",bep
604,"      74648",TURQ,"NO SIZE","ERICA LY",1928
629,"49    A18640",BLACK,M,COMPLETE,colehaan
644,"07    635642",OLIVE,XL,"KIDS HEA","ellen t"
647,"94    SM7477",BRPKJEWL,XL,"RALPH LA",dkny
658,"05EK  F05900",119BLEACH,M,"DAX CORP","no fear"
659,"KF    GD5697",LILAC,4,PERISCOP,citizens
662,"EM    A1710S","D GREEN","ONE SZ","MOA MOA",colehaan
674,"230   HAUSER","LION LE",P064,"9 WEST",brioso
679,"U     C16AWK",RED,L,VESI,louisvl
680,"80    J71636",RASBERRY,L,"ALL ACCE",colehaan
682,ICH002NWALDR,"BLACK PAT",075N,"NINE WES",brioso
685,"5138  757603",BAN./RED,1,"JODY CAL",chorus
687,"06    JWRUK4",CRYS,ALL,"LIZ CLAI",1928
694,"032   WONDER","GREY PYTHV",110M,CARESSA,invest
695,"18    JKMU36",LSFTSNDM,14,"JH COLLE",echo
696,"19-41 445442",NAVY,2,"KIDS HEA",cartier
697,"      GA1102",TURQUOISE,S,"SKINNY M",colehaan
699,"      40102",GOLD,ALL,VICTORIA,1928
701,"      R660","POLO WHITE",M,"SARA LEE","r taylor"
704,"FQCF  J84458",BORDEAUX,M,REALITEE,colehaan
710,"00    UNIKA8",BORLUG,060M,"UNISA AM",invest
716,"      80328T",NAVY,"30 MEDIUM","I.C. ISA","no fear"
726,"3     R12J17","476INDIGO RI",36,"URBAN ME","no fear"
729,"Y675  LIBERT","WLD PINK P",075M,"ENZO ANG",brioso
730,"48    JKMU36",LSFTSNDM,L,"JH COLLE",echo
736,"      110140",RAIN,XL,NAUTICA,cambio
740,"710N  042051",HEMATITE,ALL,NAPIER/V,1928
743,"01    9742PI","WHITE 4",S,XOXO,chorus
751,"80    J71996",RASBERRY,L,"ALL ACCE",colehaan
752,"I     C53EBO",NAVY,XXL,VESI,louisvl
753,"      DRILL","NAVY SI","7   M","THE UNIT",invest
754,"I     V199BO",NAVY,XL,VESI,louisvl
756,"S     N0015Y",NAVY,M,"MAD ENGI","ellen t"
757,"      NEST","NAVY FB","7.5 M","THE UNIT",invest
764,"03    EJMU82",SWHT/ONYX,XL,"EMMA JAM",carole
766,"45    19RK99","394FOREST/ T",5,WRAPPER/,esprit
771,"      77280","DEEP PRPL",S,SHADOWLI,cambio
774,"      403040",BLUE,S,NAUTICA,cambio
781,"A070  EARUBI","SILV MUL L",085N,"ENZO ANG",brioso
788,"      R242",ROSEWOOD,40D,BALI/HEN,cab
798,"6     Z39412",532LILAC/P,L,"LIZ CLAI",cambio
811,30744LNGKC00,CRIMSON,18,"CWF USA,","r lauren"
812,5000LHJ65PT-,"PAR BLUE",26,AUTHENTI,cop
814,20672LNGKC00,RUBY,18,"CWF USA,","r lauren"
816,337642Z52713,"PURE RED",3/6,"TOMMY HI","r lauren"
837,INE640NWPRAL,"PRVRD/BK L",060M,"9 WEST",brioso
845,"64FF  H05355","140MED INDI",32,"F-50, LL","no fear"
850,AND051ESCASS,"LT GREY SN",110M,"THE UNIT",invest
863,"7     048465",WHITE,S,"POLO FAS",polomen
870,"1T    HT5100",WHITE,4XT,"SEAN JOH",lisli
874,"1     3490H2",RUST,3X,AGB,be2
879,"1B    RL4AF2",BLACK,XL,"GIANT ME",cartier
888,"7     895315","421MEM BLU",18,"BETSEY J","ellen t"
899,"1     AR-555",TRITON,S,"NEVADA A","matty m"
904,340172314412,BLUE,L,"JERELL /",bep
915,"97L1  Z26452",BROWN,14,CONNECTE,lacoste
926,"IT100 NWSPIR","BUTTERMI L",P064,"9 WEST",brioso
930,BE-AAWA7179-,WHITE,4,LOLLYTOG,cartier
933,"77FF  F05901","055HTR GREY",XXXL,"F-50, LL","no fear"
942,"16    F35QM3",001BLACK,ALL,MURANO,"r & y"
945,"      10254D",CHESTNUT,3T,MULBERRI,cartier
948,"      150005",BLACK,S,DANA-CO.,cabern
950,"2     943NA2","BRONZE LEA",055M,"BROWN SH",invest
954,"33523 409965",BLACK,10,"E.C.I. /","karen k"
964,"EN200 NWAMSD","BROWN LE",P838,"NINE WES",brioso
966,"NX    GD5971",GRAPE,3,PERISCOP,citizens
968,"      AY562",SAGE,8,"KORET OF",echo
974,"55B   F55WR9","FOREST GREEN",3X,ROUNDTRE,lisli
986,"9     H31673",RED,ALL,HASKELL,1928
988,"7     H31584",JET,ALL,HASKELL,1928
993,"7     718NL5","GOLD FABRI",080M,"BROWN SH",invest
996,"5     012NL5","RED HEAVEN",065M,"BROWN SH",invest
1004,"227   115180","MD BLUE 1",3,LEVI,cop
1005,"MAI   I7631B",INDUY,13,TYTE,cop
1006,"OMBO  35852C",BROWN,S,"MOA MOA",colehaan
1018,"19A   4F-L05","PERI MIX",3X,"CM SHAPE",be2
1019,543021380442,TURQ,1X,"JERELL /",be2
1024,"96    V35417",ESPRESSO,2,COMPLETE,"matty m"
1027,"24    385577",ASSORTED,7X,"KIDS HEA",cartier
1039,"      217363",VAMP,ALL,"ECHO DES",p&y
1048,"      740N48",SABLE,090W,"BROWN SH",invest
1050,"9     JA4616",408BLUE,L(7),"GUESS /D",cartier
1052,"      034L09","FOREST GRN",040M,"BROWN SH",invest
1063,"04-1  061005",A/S,ONE,"ENMON AC",environ
1065,57-263455430,"OATMEAL GR",4,TIMBERLA,cartier
1078,"      JH7873","BLACK SUED",010M,"KEDS COR",reebok
1079,"-8444 9656L1",BLACK/BAMB,LARGE,"CUTTER &",louisvl
1082,"2     370159","DRY TESTER","DRY TESTER",DESIGNER,blue
1087,"1     5411M2",BLACK,M,AGB,bep
1092,"J5    212T0K",200BROWN,M,QUIKSILV,"ellen t"
1098,"      SG2Z9",KINGFISHER,S,"BOAC LTD","matty m"
1101,900660805005,BR,M,"ROPER AP",environ
1106,"      R157","QO/AQUA AURA",5,CABERNET,cabern
1108,"6A    HK5153","206TAUPE HE",XXL,"SEAN JOH","no fear"
1115,"      106100","BRIDAL WHI",L,"FYC INTE",cambio
1116,"6     HB4103","424HENLEY BL",5,FLAPDOOD,cartier
1117,"D2    AG0550",410NAVY,ALL,"WEMCO,RE","r & y"
1118,"8     113221",LEMONDROP,S,"COPPER K",colehaan
1125,"      93560",SILVER,"NO SIZE","ERICA LY",1928
1129,"5B    FD5010",WINE,14,"TWO DOOR","ellen t"
1133,"682   S3JK4G","100CLSC BL",2,"POLO JEA",cop
1134,"      736BQ","ARTEMISIA N",2,"FRENCH C","matty m"
1135,"1AGK  483211","LT KHAKI","35 30","POLO FAS",polomen
1136,"0BHW  483212","HTHR GREY","36 36","POLO FAS",polomen
1137,"PE77  H462CS",SILSPL,29,"HIPPIE J",cop
1140,"      HIJMAT",1115-KOKOPEL,N/A,"EL PASO",environ
1144,"-664Q KD7088",BROWN/IVOR,L,"LA BELLE",chorus
1149,201154165424,BROWN,50REG,"HART SCH",austin
1158,"7     DFG700",BROWN,S,SELE,esprit
1165,"9BAO  586447","SENTRY RED",36,"POLO FAS",polomen
1169,"      M-9505",OLIVE,M,"UNITED S",cop
1175,"072   PD701C",120CUSTD/BK,18,"LE SUIT",leslie
1184,"03P   NJ4835",SAGE,6,"NAPA VAL",bep
1187,"8VZ   943284","NANT RED",M,"POLO FAS",polomen
1188,"16M   NJ0115","PINK COMBO",XL,"NAPA VAL",echo
1191,0012XHCRX025,GREY,46LONG,"HART SCH",austin
1192,"3     109391",712GOLD,ALL,DESIGNER,"r & y"
1195,"      C-LOKI",OLM,ONE,"TWINS EN",louisvl
1196,"R006  ALASTE",BLKBLK,070N,"UNISA AM",invest
1198,"KB30L I6470O",DIV54,11,TYTE/4WH,cop
1200,"1CVJ  796513","RL BLACK/O",M,"POLO FAS",polomen
1201,"10    111M22","KELLY GREEN",S,BECHAMEL,echo
1205,"      61257",GOLD,ALL,AJI/DBA,1928
1207,"65    YG0424",PALEYEL,ONE,"RALPH LA","r lauren"
1210,"O735  L-SONN","GOLD PYTHN",G18,"FRANCO S",brioso
1211,"92    F55KR9",OATMEALHTHER,XL,ROUNDTRE,"st john"
1222,A-L625VOTAVI,RED,085N,"NINA FOO",brioso
1226,LIN001EACARO,"BLACK CA",P079,"ENZO ANG",brioso
1231,"T381  L-LIGH","GLD MT CRC",055M,"FRANCO S",brioso
1243,JA3LELR202AU,"GREY ATHL",XL,ONFIELD,louisvl
1245,OLO724L-DIAV,"WHT ML PYT",X12,"FRANCO S",brioso
1247,"08    EJMU82",ONYX,XL,"EMMA JAM",carole
1251,"S750  EAELLI","SHN BRZE L",P276,"ENZO ANG",brioso
1267,"16P   NJ5035",ROYAL,12,"NAPA VAL",bep
1280,"SS    206LCH",LICHEN,XXL,"SABAKU I",environ
1286,"US340 BDQUIT","SUB MOSS L",060M,"THE UNIT",invest
1297,"7ACI  793326",NAVY,XL,"POLO FAS",polomen
1302,"6     115K83","STRETCH LIMO",S,ROUNDTRE,"st john"
1305,"76EK  H05900","119BLCH WH",LARGE,ECKO,"no fear"
1311,"E450  NWUDIN","LT BLUE PA",085M,"NINE WES",brioso
1313,"E251  EAJULI","PATP/PA CR",075N,"ENZO ANG",brioso
1325,"05    F55TX4",YELLOW,ALL,"DANIEL C","r & y"
1336,"001   KAPELL","BLACK SQ",060M,"ENZO ANG",brioso
1338,"      430N15","FLAX FABRI",100M,"BROWN SH",invest
1343,"      700N58","CAMEL WOVE",070M,"BROWN SH",invest
1346,"60EK  S04023","605TRUE EC",M,"DAX CORP","no fear"
1350,"260   105120","BLACK M","11 M","LEVI STR",cop
1356,TOC001ESARIS,"BLACK LE",PJ13,"THE UNIT",invest
1358,"      3244",WHITE,ALL,"THE SAK",bch
1366,4FS530CR2451,LAVENDER,010M,KENNETH,reebok
1368,"100   ESVALE","WHITE LE",070N,"THE UNIT",invest
1369,"758   PDTC71",BUTTERCP,XL,"KASPER /",carole
1370,"9JBA  TP162P","665ROMA WA",24,"SEE THRU",cop
1371,"84    SHADE2",BONENAP/EL,C1890,CARESSA,invest
1376,"680   NWSELA","LT PINK LE",P417,"NINE WES",brioso
1381,"221   115180","DK BLUE 1",5,LEVI,cop
1384,"5     155382",CAPPUCCINO,16,"SUSAN BR","karen k"
1389,415044765659,BLACK,43REG,"HART SCH",austin
1390,"      777L92","TAN LEATHE",080M,,invest
1391,403054165423,GREY,43REG,"HART SCH",austin
1394,663044733339,NAVY,36REG,"HART SCH",austin
1396,"      M6229","DARK BROWN",110M,"BORN / H",sperry
1398,125154133345,NAVY,40REG,"HART SCH",austin
1400,"MICH  600163",NAV,M,"M.J. SOF",louisvl
1403,211044765680,BLACK,39LONG,"HART SCH",austin
1411,"RA250 NWBEHI","ICD COFF L",PJ84,"9 WEST",brioso
1416,"      20365",PINK,6X,"OODLES C",carters
1418,"DS    A8M21A","TRDNL STN",10,"SUNSET C",echo
1419,"      8428",WHITE,36DDD,CABERNET,cab
1421,"85397 121201",INDIGO,075M,"L.C. FOO",invest
1422,"      51-589",NAVY,110N,PENOBSCO,invest
1423,"898   031131",BLACK,8,"GSA GROU",gottex
1427,"L220  EAODEL","BRONZE SN",060M,"ENZO ANG",brioso
1431,"R984  JUNIPE",BLKNAPA/EL,090N,"AMASIA I",invest
1432,"1CB   P45132",001BLACK,14,"D K N Y",gottex
1440,"5     I14625","COWBOY GG",1,BUBBLEGU,cop
1441,"      DANB92","MOSS GRN",M,EXPLORE,colehaan
1448,"      75E0",CREAM,070M,"G. H. BA",invest
1456,"      00053Z",NA,NA,"ZIRH INT",4711
1459,"02    F55TM3",BLUE,ALL,"MURANO N","r & y"
1470,"RA110 EASAMO","NATURAL SA",055M,"ENZO ANG",brioso
1481,"90    T000A3",YELLOW,S,"SAN FRAN",cambio
1488,OMA410ESDIPL,"NAVY FB",060M,"THE UNIT",invest
1489,"6     GK-216",BLACK,13,DOLLHOUS,esprit
1491,163036385462,PINK,L,STONEBRI,echo
1498,"E111  GOTSOM",WHITE/BLAC,065M,"NINA FOO",invest
1503,"93    6180M1",650PINK,6,TAHARI/A,leslie
1509,"05    JWRUL1",PUML,ALL,"LIZ CLAI",1928
1510,"OAKCL 8143AA",BLK,2X,ONFIELD,louisvl
1511,"079   PD455B",300LEAF/IVR,16,"KASPER /",leslie
1516,"0     JB4203","413TAP NAVY",ASST,"GUESS /D",cartier
1522,"      676336",PRINT,S,"CINEMA E",cambio
1523,"      655125",WHITE,L,"CINEMA E",cambio
1524,"      714699",ORCHID,5,AUTHENTI,"cop key"
1529,"      133568",PINK,4T,"ICM L.L.",carters
1535,KBLKFANETWOR,"BLACK FAB",P076,"ENZO ANG",brioso
1542,"8     GK-820",ASSORTED,ONE,CAPELLI,carters
1550,"55S   F55TX8",BLACK,ALL,"DANIEL C","r & y"
1558,"S403  EAELLI","ANTHRACI L",080N,"ENZO ANG",brioso
1568,"00    S65KR4","COPPER TAN",XL,ROUNDTRE,"st john"
1569,"4     959NA6","SILVER SHI",1214,"BROWN SH",invest
1571,"-460K K11628",WHITE/GOLD,S,"LA BELLE",esprit
1572,"80    C98421",ORANGE,S,OUTERSTU,"ellen t"
1573,"-21X  KD2547",NUGGET,M,"BYER CAL",chorus
1593,"45T1  0988A3",COPPER,11,"CITY TRI",chorus
1598,0238FFWMNST-,BLACK,L,"J SHADOW",environ
1599,0816FFWMNST-,CANTELOUPE,S,"J SHADOW",environ
1605,"4     BA8767","PASTEL PI",4,"BARBIE /",citizens
1613,"F     71R550","161DK WASH",2,"LEVI STR",cartier
1614,"43    TJRU04",PINK,ALL,"LIZ CLAI",1928
1618,"Y081  LIBERT","CRMYSI M Q",P079,"ENZO ANG",brioso
1632,07XES1000123,ROYAL,SML-SMALL,"NIKE TEA",louisvl
1633,"      82284",AN,ALL,AJI/DBA,1928
1634,BLKMPTLIBRTY,"BLK MULT P",070M,"ENZO ANG",brioso
1639,"      530113",ASPHALT,XL,"AND 1 KI",cartier
1643,"      121361","TRUE NA",14,BERNARD,carole
1651,"22    LA0015",SAND,4T,"RALPH LA","r lauren"
1652,"8RG   482162",BLACK/WHT,"36 34","POLO FAS",polomen
1653,"A     617508",RED,095M,"G. H. BA",invest
1657,"      224331",PINK/BLACK,XL,"VAN MAR",cabern
1658,"92    EJSX37",SUNTAN/AVO,L,"DAVID ME",gottex
1659,06XDB1000140,BLACK,L,"NIKE TEA",louisvl
1665,8MG001DPO428,BLACK,0,GARFIELD,gottex
1670,"      63307",PAVE,ALL,AJI/DBA,1928
1681,223100X71530,"CLASSIC WH",XL,"TOMMY HI",dkny
1683,"      HX5320","WHITE RED",3X,GIRBAUD,"no fear"
1684,"      SM1069",KHAKI,M,"SKINNY M",colehaan
1686,"3     XR-314",999BKG,1X,NECESSAR,esprit
1691,142100X71530,"CLASSIC WH",M,"TOMMY HI",dkny
1692,0PU600CR2498,RED,050M,KENNETH,reebok
1693,"06    E12KC2",100WHITE,2,"ELIE TAH",gottex
1694,"70    S65KR9","SERENE AQUA",L,ROUNDTRE,"st john"
1695,011103J70830,NATURAL,4T,"TOMMY HI","r lauren"
1697,"8FHPP 650056","TEAM ORANG",S,"POLO FAS",polomen
1698,"9     049238","CRUISE ROY",S,"POLO FAS",polomen
1703,"02    S65ZT3",GREY,"38 S",TURNBURY,austin
1704,"2ANJA 797548",FUCHSIA/NA,L,"POLO FAS",polomen
1710,"7     049371","WHITE COMB",M,"POLO FAS",polomen
1711,"4     049173",SCOTTSDALE,M,"POLO FAS",polomen
1712,"9     049441","RESORT ORA",M,"POLO FAS",polomen
1721,"E003  ESLANC","BK LEATH L",100M,"THE UNIT",invest
1725,"E     TRUFFL",CHOCOLATE,P5FA,MURANO,"h sierr"
1728,UMOPALGERANI,"OPAL KI",P408,"ENZO ANG",brioso
1729,"70001 121205",BLACK,100M,"L.C. FOO",invest
1730,"0     102163",LAP,M,BERNARD,carole
1736,"-MG   FR0027",MAGENTA,ALL,REDFISH,p&y
1742,"200   530501",BLACK,XL,SUTTONS,environ
1749,"      083045","411NAVY WH",14,"KASPER A",leslie
1756,"      S1084",ASPEN,L,"DOUBLE D",environ
1774,"67    EJLU85","FIG GREEN",2X,"EMMA JAM",be2
1778,"28    JKPU38","TIDE BLUE",10,"JH COLLE",bep
1779,"3     709645",VIOLET,8,PARAMETE,"matty m"
1786,"73    349038",410NAVY,ALL,SUPERBA,"r & y"
1787,005261N70730,ARIZONA,18,"TOMMY HI","r lauren"
1794,"      2247",BLK,M,"GIRL PLA",colehaan
1801,"16    EJPU86","OFF WHITE",S,"EMMA JAM",bep
1808,"      M2111",RED/WHT,M,"IVORY IN",cop
1810,"9     505029",PINK,100M,"STRIDE R",reebok
1813,"9HOP  014232","SPRING LIM",L,,polomen
1815,"3FZ   014279",BLACK,XXL,,polomen
1818,"4LTN  014373","SAILING OR",S,,polomen
1819,"1NL   049092","FRENCH NAV",XL,,polomen
1821,"4BT   049165","NEWPORT NA",5XB,,lisli
1824,"4SPO  049286","GARDEN GRE",M,,polomen
1826,"      BB337",900MULTI,M,"KORET OF",echo
1828,"7     049394","RACING RED",L,,polomen
1830,"7ANAS 097548","MED BLUE/N",18/,,polomen
1834,"9     439396","D-PARROT P",S,,polomen
1835,"3AAAF 487649","MILITARY D",42,,polomen
1839,"9     4203M8",ROYAL,6,"BYER CAL",citizens
1844,"15511 BOGIE5",ORANGE,060M,"WOLFF SH",brioso
1846,"40    121M24","KELLY GREEN",M,BECHAMEL,echo
1847,"7ANAN 797556",ROYAL/WHT,16,,polomen
1848,"7ACB  797558",SKY/WHITE,S,,polomen
1851,"7DOJ  797568",YELLOW/BLU,16/,,polomen
1853,"4XBC  797577",YELLOW/WHI,4XB,,lisli
1858,"4AXC  797593","SUNRISE OR",S,,polomen
1859,"3DOJ  797609",ORANGE/BLU,16,,polomen
1861,"2ANF  797661",WHITE,XXL,,polomen
1862,170012313512,YELLOW,L,"JERELL /",echo
1863,"2COG  867691","FLORAL GIN",XL,,polomen
1867,"5017  LB1627",GOLD/RASP,ALL,CAROLEE,1928
1869,"R1    C12022",CORAL,8,SESSA,catalin
1871,"      H15105",BRONZE,ALL,"VAN ZEEL",bch
1876,"1     BC1631",WHITE,120M,"BORN KID",reebok
1880,"22    D66CZ7",651CORAL,10,CASUAL/,echo
1883,310063384512,WHI,L,"JERELL /",bep
1886,"      336L81",WHT/NAVY,080M,"BROWN SH",invest
1889,"85    D66WQ6",651CORAL,S,CASUAL/,echo
1892,"      2K1302","NEW YELLOW",7,NAUTICA,cartier
1896,"W     PJ3035","DENIM LACY",5,"PRINCY J",cop
1897,"7BR   587650",EXPEDITION,33,"POLO FAS",polomen
1900,0110000H3014,"NAVY STRET",090M,"THE UNIT",invest
1904,"      18160",PURPLE,10,JANTZEN,catalin
1905,"00    719724",ROYAL,S,SUTTONS,environ
1906,"8     711810",WINTERWILL,6,CABERNET,cabern
1909,"23    JKMU38",PARADISEBLU,L,"JH COLLE",echo
1912,"79    EJMU84",CHAMELEON,8,"EMMA JAM",carole
1918,"21B   S45KR4","LIGHT SAGE",4X,ROUNDTRE,lisli
1919,"94    TZMU04",WHITE,10,"EMMA JAM",carole
1927,"59    MWRU72",BLACK,"XL   ND","LIZ CLAI","liz cla"
1931,"32    JWRUL5",SLVR,ALL,"LIZ CLAI",1928
1932,"      RA56SB","SPORTING B",S,"SARA LEE","r taylor"
1936,"      R426PK","CARMEL PIN",S,"SARA LEE","r taylor"
1939,"15    MERU33","TAUPE CBO","42   L","LIZ CLAI","liz cla"
1940,"48    MERU33",KHAKI,"42   R","LIZ CLAI","liz cla"
1941,"43    MERU33","ALOE COMBO","XL   ND","LIZ CLAI","liz cla"
1943,"15P   NK5475",WHITE,S,"NAPA VAL",bep
1946,"41    4189L4",BLACK,16,TAHARI/A,lacoste
1954,"      121510",LIME,10,BERNARD,carole
1956,"42W   NK7355","ORANGE CRU",3X,"NAPA VAL",be2
1957,"RFCH  122723",WINE/OTML,S,REALITEE,colehaan
1958,"ILLE  SOMERV","BLACK PAT",075M,"9 WEST",brioso
1959,"73    JKMU38",FNCHALMDMR,"S    ND","JH COLLE",echo
1961,"66M   NK8765",BLUSH,S,"NAPA VAL",echo
1966,"P     362021","URBAN FLOR",S,REPUBLIC,bep
1967,"EE295 L-GOAT",CELDNCMTKD,Z12,"FRANCO S",brioso
1969,"A839  L-GHAN","MORO OPCAL",070M,"FRANCO S",brioso
1978,"N937  L-GLEA","BLK OPACCF",055M,"FRANCO S",brioso
1980,"      BB791",BLACK,L,MELROSE/,bep
1985,"      ZD812",TEAL/WHITE,4,ISABEL+N,leslie
1986,"TRT   65306-","NO COLOR",ALL,"CAROL DA",1928
1987,"      815132",697PNKFL,L,"CAROLE H",cambio
1991,"0     SJ6180",200CAMEL,34,"SEAN JOH","no fear"
1999,"      S1038",NEUTRAL,10,"DOUBLE D",environ
2001,"57    EJPU85",VANILLA,L,"EMMA JAM",bep
2012,"8S    A7J301",MAGENTA,10,"SUNSET C",echo
2014,"7S    A3T490","DREAMY PIN",6,"SUNSET C",echo
2015,"20    5280M7",650PINK,10,TAHARI/A,leslie
2021,"L1    1210PP",TURQ,M,"CITY GIR",bep
2023,"34    MWRU13","LT SURF",XL,"LIZ CLAI","liz cla"
2024,"1AABD 787507","CLSC STONE",34-32,"POLO FAS",polomen
2027,"14    MERU07",BLACK,M,"LIZ CLAI","liz cla"
2030,"      28181E",BLACK,M,"TEEZE ME",chorus
2032,"6CCO  782632","RL BLACK","34 32","POLO FAS",polomen
2034,"1BFN  583456",WHITE,40,"POLO FAS",polomen
2040,"741   371652",GREY,"42 S","HUGO BOS",austin
2047,"      L179-1",BONE/CHOC,095M,"OLD GRIN",environ
2050,"      W7728",BLACK,M,ROCKMOUN,environ
2051,"      38554",GYBK,24,"R & M RI",lacoste
2059,"      M6706",BLACK/RED,L,ROCKMOUN,environ
2060,"17    EJMU85","WHTE DENIM",6,"EMMA JAM",carole
2062,"      6232",03-ZOOM,BLUSH,LANCOME,celebrt
2064,"1AID  483640",BLACK/WHT,"35 32","POLO FAS",polomen
2075,"6     045760","RELAY BLUE",M,"POLO FAS",polomen
2076,"L     216626",BLACK/PLUM,24,"JULIAN T",lacoste
2079,"03    544465",WHITE-HOTPNK,S,PUMA,esprit
2080,"9     750NA6","OX BROWN",060W,NATURALI,invest
2082,"1A    793679","LT BLU/WHT",XL,"POLO FAS",polomen
2085,"3     235NA8","WHITE LEAT",090W,NATURALI,invest
2087,"9AIK  583291","COAST BEIG",34,"POLO FAS",polomen
2088,"7VPP  650174","RIVER BLUE",ONE,"POLO FAS",polomen
2094,"      C-17M",WHITE,M,"NOLAN GL",carters
2097,"74    EJMU09","COOL GREEN",8,"EMMA JAM",carole
2100,"2Y    CJ2UFP",TWI-TN,L,"AVENUE O",colehaan
2104,E43286111102,BLACK,S,ANTIGUA,louisvl
2105,"      18141",BLUE,8,JANTZEN,catalin
2107,"126   3-I252",TEAL,14,POSITIVE,lacoste
2109,"00T   Y55KR0","SAND SWEEP",XLT,ROUNDTRE,lisli
2125,"1     131336",BLK/BLK,13,"BEE DARL",chorus
2131,"51    879117",RED,ALL,"TOMMY HI","r & y"
2132,"      11006",FLAX,L,NECESSAR,esprit
2138,"      11D02",410NAVY,ALL,ROUNDTRE,"r & y"
2145,"      MM28",CHAMPAGNE,ONE,"MARY MED",environ
